Job Title,Company,Location,Job Type,Score,Date Found,Application Status,Salary,Visa Sponsorship,Apply Link,CV File,Cover Letter File
Finance Analyst,IPS Corporation,"Newcastle upon Tyne, UK",On-site,80,2026-06-11,Not Started,Competitive,Check listing,https://www.linkedin.com/jobs/view/4404511713/,IPS_Corporation_Finance_Analyst_CV.docx,IPS_Corporation_Finance_Analyst_CoverLetter.docx
Graduate Pricing Analyst,Somerset Bridge Group,"Cribbs Causeway, Bristol, UK",Hybrid,94,2026-06-11,Not Started,Competitive,Check listing,https://uk.linkedin.com/jobs/view/graduate-pricing-analyst-at-somerset-bridge-group-4399764858,Somerset_Bridge_Group_Graduate_Pricing_Analyst_CV.docx,Somerset_Bridge_Group_Graduate_Pricing_Analyst_CoverLetter.docx
Pricing Analyst,Houst,"London, UK",Hybrid,92,2026-06-11,Not Started,Competitive,Check listing,https://uk.linkedin.com/jobs/view/pricing-analyst-at-houst-4421806118,Houst_Pricing_Analyst_CV.docx,Houst_Pricing_Analyst_CoverLetter.docx
Graduate Pricing Analyst,Admiral Group,"Cardiff, UK",Hybrid,95,2026-06-11,Not Started,Competitive,Check listing,https://uk.linkedin.com/jobs/view/graduate-pricing-analyst-at-admiral-group-plc-4270298136,Admiral_Group_Graduate_Pricing_Analyst_CV.docx,Admiral_Group_Graduate_Pricing_Analyst_CoverLetter.docx
Commercial Pricing Analyst,Octopus Energy,"London, UK",Hybrid,93,2026-06-11,Not Started,Competitive,Check listing,https://uk.linkedin.com/jobs/view/commercial-pricing-analyst-at-octopus-energy-4395345171,Octopus_Energy_Commercial_Pricing_Analyst_CV.docx,Octopus_Energy_Commercial_Pricing_Analyst_CoverLetter.docx
Graduate Pricing Analyst,AXA UK,"London, UK",Hybrid,95,2026-06-11,Not Started,Competitive,Check listing,https://uk.linkedin.com/jobs/view/graduate-pricing-analyst-at-axa-uk-3566689356,AXA_UK_Graduate_Pricing_Analyst_CV.docx,AXA_UK_Graduate_Pricing_Analyst_CoverLetter.docx
Pricing Analyst,AXA UK,"London, UK",Hybrid,93,2026-06-11,Not Started,Competitive,Check listing,https://uk.linkedin.com/jobs/view/pricing-analyst-at-axa-uk-4261728359,AXA_UK_Pricing_Analyst_CV.docx,AXA_UK_Pricing_Analyst_CoverLetter.docx
Commercial & Pricing Analyst,Ashurst,"London, UK",Hybrid,91,2026-06-11,Not Started,Competitive,Check listing,https://uk.linkedin.com/jobs/view/commercial-pricing-analyst-at-ashurst-4292520452,Ashurst_Commercial_and_Pricing_Analyst_CV.docx,Ashurst_Commercial_and_Pricing_Analyst_CoverLetter.docx
Pricing Analyst,Raytheon UK,"Glenrothes, Scotland, UK",Hybrid,90,2026-06-11,Not Started,Competitive,Check listing,https://uk.linkedin.com/jobs/view/pricing-analyst-at-raytheon-uk-4376179019,Raytheon_UK_Pricing_Analyst_CV.docx,Raytheon_UK_Pricing_Analyst_CoverLetter.docx
Graduate FP&A Analyst,Howden Group Holdings,"London, UK",Hybrid,95,2026-06-11,Not Started,Competitive,Check listing,https://uk.linkedin.com/jobs/view/graduate-fp-a-analyst-at-howden-4328827847,Howden_Group_Holdings_Graduate_FPandA_Analyst_CV.docx,Howden_Group_Holdings_Graduate_FPandA_Analyst_CoverLetter.docx
Finance Analyst (FP&A) – Graduate,OSTTRA,"London, UK",Hybrid,93,2026-06-11,Not Started,Competitive,Check listing,https://uk.linkedin.com/jobs/view/finance-analyst-fp-a-graduate-at-osttra-4083372204,OSTTRA_Finance_Analyst_FPandA_-_Graduate_CV.docx,OSTTRA_Finance_Analyst_FPandA_-_Graduate_CoverLetter.docx
Graduate Analyst – 2026 Programme,Baringa Partners,"London, UK",Hybrid,91,2026-06-11,Not Started,Competitive,Check listing,https://uk.linkedin.com/jobs/view/uk-2026-graduate-analyst-at-baringa-4308629166,Baringa_Partners_Graduate_Analyst_-_2026_Programme_CV.docx,Baringa_Partners_Graduate_Analyst_-_2026_Programme_CoverLetter.docx
Finance Analyst Graduate Apprenticeship 2026,Barclays,"Glasgow, UK",Hybrid,93,2026-06-11,Not Started,Competitive,Check listing,https://uk.linkedin.com/jobs/view/finance-analyst-graduate-apprenticeship-programme-2026-glasgow-at-barclays-4299277465,Barclays_Finance_Analyst_Graduate_Apprenticeship_2026_CV.docx,Barclays_Finance_Analyst_Graduate_Apprenticeship_2026_CoverLetter.docx
Graduate Analyst Programme 2026 – Management Consulting,CF (Corporate Finance),"London, UK",Hybrid,90,2026-06-11,Not Started,Competitive,Check listing,https://uk.linkedin.com/jobs/view/analyst-graduate-programme-2026-management-consulting-at-cf-4418151711,CF_Corporate_Finance_Graduate_Analyst_Programme_2026_-_Management_Consulting_CV.docx,CF_Corporate_Finance_Graduate_Analyst_Programme_2026_-_Management_Consulting_CoverLetter.docx
Graduate Analyst – Deutsche Bank Graduate Programme 2026,Deutsche Bank,"London, UK",On-site,92,2026-06-11,Not Started,Competitive,Check listing,https://uk.linkedin.com/jobs/view/deutsche-bank-graduate-analyst-programme-investment-bank-fixed-income-currencies-london-2026-at-deutsche-bank-4295837621,Deutsche_Bank_Graduate_Analyst_-_Deutsche_Bank_Graduate_Programme_2026_CV.docx,Deutsche_Bank_Graduate_Analyst_-_Deutsche_Bank_Graduate_Programme_2026_CoverLetter.docx
Graduate Investment Analyst,Bending Spoons,"London, UK",Hybrid,89,2026-06-11,Not Started,Competitive,Check listing,https://uk.linkedin.com/jobs/view/graduate-investment-analyst-at-bending-spoons-4290193798,Bending_Spoons_Graduate_Investment_Analyst_CV.docx,Bending_Spoons_Graduate_Investment_Analyst_CoverLetter.docx
Graduate Financial Analyst,Pictet Group,"London, UK",Hybrid,92,2026-06-11,Not Started,Competitive,Check listing,https://uk.linkedin.com/jobs/view/graduate-financial-analyst-london-at-pictet-group-4166367838,Pictet_Group_Graduate_Financial_Analyst_CV.docx,Pictet_Group_Graduate_Financial_Analyst_CoverLetter.docx
Graduate Commercial Analyst,targetjobs UK,"London, UK",Hybrid,88,2026-06-11,Not Started,Competitive,Check listing,https://uk.linkedin.com/jobs/view/graduate-commercial-analyst-at-targetjobs-uk-4422075867,targetjobs_UK_Graduate_Commercial_Analyst_CV.docx,targetjobs_UK_Graduate_Commercial_Analyst_CoverLetter.docx
Graduate Analyst,Aegis Energy,"London, UK",Hybrid,88,2026-06-11,Not Started,Competitive,Check listing,https://uk.linkedin.com/jobs/view/graduate-analyst-at-aegis-energy-4412774948,Aegis_Energy_Graduate_Analyst_CV.docx,Aegis_Energy_Graduate_Analyst_CoverLetter.docx
Graduate Investment Analyst,City Grad,"London, UK",Hybrid,89,2026-06-11,Not Started,Competitive,Check listing,https://uk.linkedin.com/jobs/view/graduate-investment-analyst-at-city-grad-4172507382,City_Grad_Graduate_Investment_Analyst_CV.docx,City_Grad_Graduate_Investment_Analyst_CoverLetter.docx
Graduate Technical Business Analyst (Finance) 2026,Acturis,"London, UK",Hybrid,88,2026-06-11,Not Started,Competitive,Check listing,https://uk.linkedin.com/jobs/view/graduate-technical-business-analyst-london-2026-at-acturis-limited-4375135848,Acturis_Graduate_Technical_Business_Analyst_Finance_2026_CV.docx,Acturis_Graduate_Technical_Business_Analyst_Finance_2026_CoverLetter.docx
